name	value	tier	type
Abacus	2 gp	'tier_one'	Item
Abracadabrus	very rare	'very rare'	Magic Item
Accordion	13 gp	'tier_one'	Item
Acheron Blade	rare	'rare'	Magic Item
Acid (vial)	25 gp	'tier_two'	Item
Adamantine Armor	uncommon	'uncommon'	Magic Item
Agony	legendary	'legendary'	Magic Item
Alchemical Compendium	rare	'rare'	Magic Item
Alchemist's Fire (flask)	50 gp	'tier_two'	Item
Alchemist's supplies	50 gp	'tier_two'	Item
Alchemy Jug	uncommon	'uncommon'	Magic Item
All-Purpose Tool	uncommon	'uncommon'	Magic Item
All-Purpose Tool, +2	rare	'rare'	Magic Item
All-Purpose Tool, +3	very rare	'very rare'	Magic Item
Alluring Dye	common	'common'	Magic Item
Altar	20 gp	'tier_one'	Item
Amethyst Lodestone	very rare	'very rare'	Magic Item
Ammunition, +1	uncommon	'uncommon'	Magic Item
Ammunition, +2	rare	'rare'	Magic Item
Ammunition, +3	very rare	'very rare'	Magic Item
Amulet	5 gp	'tier_one'	Item
Amulet of Health	rare	'rare'	Magic Item
Amulet of Proof Against Detection and Location	uncommon	'uncommon'	Magic Item
Amulet of Protection from Turning	rare	'rare'	Magic Item
Amulet of the Black Skull	very rare	'very rare'	Magic Item
Amulet of the Devout, +1	uncommon	'uncommon'	Magic Item
Amulet of the Devout, +2	rare	'rare'	Magic Item
Amulet of the Devout, +3	very rare	'very rare'	Magic Item
Amulet of the Drunkard	uncommon	'uncommon'	Magic Item
Amulet of the Planes	very rare	'very rare'	Magic Item
Animal Feed	1 gp	'tier_one'	Item
Animated Shield	very rare	'very rare'	Magic Item
Antimagic Armor	very rare	'very rare'	Magic Item
Antitoxin (vial)	50 gp	'tier_two'	Item
Antlers of the True Path	uncommon	'uncommon'	Magic Item
Apparatus of Kwalish	legendary	'legendary'	Magic Item
Arcane Cannon	very rare	'very rare'	Magic Item
Arcane Grimoire, +1	uncommon	'uncommon'	Magic Item
Arcane Grimoire, +2	rare	'rare'	Magic Item
Arcane Grimoire, +3	very rare	'very rare'	Magic Item
Arcane Propulsion Arm	very rare	'very rare'	Magic Item
Armchair	12 gp	'tier_one'	Item
Armor Of Fungal Spores	uncommon	'uncommon'	Magic Item
Armor of Gleaming	common	'common'	Magic Item
Armor of Invulnerability	legendary	'legendary'	Magic Item
Armor of Resistance	rare	'rare'	Magic Item
Armor of Safeguarding	very rare	'very rare'	Magic Item
Armor Of The Fallen	uncommon	'uncommon'	Magic Item
Armor of the Valiant Soul	legendary	'legendary'	Magic Item
Armor of Vulnerability	rare	'rare'	Magic Item
Armor Of Weightlessness	uncommon	'uncommon'	Magic Item
Armor, +1	rare	'rare'	Magic Item
Armor, +2	very rare	'very rare'	Magic Item
Armor, +3	legendary	'legendary'	Magic Item
Arrow of Slaying	very rare	'very rare'	Magic Item
Arrow-Catching Shield	rare	'rare'	Magic Item
Arrows (20)	1 gp	'tier_one'	Item
Assassin's blood	150 gp	'tier_three'	Potion
Astral Shard	rare	'rare'	Magic Item
Astromancy Archive	rare	'rare'	Magic Item
Atlas of Endless Horizons	rare	'rare'	Magic Item
Aurochs	30 gp	'tier_two'	Item
Azuredge	legendary	'legendary'	Magic Item
Backpack	2 gp	'tier_one'	Item
Badge of the Watch	rare	'rare'	Magic Item
Bag of Beans	rare	'rare'	Magic Item
Bag Of Bounty	uncommon	'uncommon'	Magic Item
Bag of Devouring	very rare	'very rare'	Magic Item
Bag of ginger	1 gp	'tier_one'	Item
Bag of Holding	uncommon	'uncommon'	Magic Item
Bag of sugar	5 cp	'tier_one'	Item
Bag of Tricks	uncommon	'uncommon'	Magic Item
Bagpipes	30 gp	'tier_two'	Item
Balance of Harmony	uncommon	'uncommon'	Magic Item
Baleful Talon	very rare	'very rare'	Magic Item
Ball Bearings (bag of 1,000)	1 gp	'tier_one'	Item
Ballista	501 gp	'tier_five'	Item
Balloon Pack	uncommon	'uncommon'	Magic Item
Band of Fruitfulness	rare	'rare'	Magic Item
Band of Loyalty	common	'common'	Magic Item
Banner of the Krig Rune	rare	'rare'	Magic Item
Banner or Flag	30 gp	'tier_two'	Item
Barrel	2 gp	'tier_one'	Item
Basilisk Crystal	common	'common'	Magic Item
Basket	4 sp	'tier_one'	Item
Bathtub, ornate	25 gp	'tier_two'	Item
Battering Shield	rare	'rare'	Magic Item
Battle Standard of Infernal Power	very rare	'very rare'	Magic Item
Battleaxe	10 gp	'tier_one'	Item
Bead of Force	rare	'rare'	Magic Item
Bead of Nourishment	common	'common'	Magic Item
Bead of Refreshment	common	'common'	Magic Item
Bed, four poster	75 gp	'tier_two'	Item
Bedroll	1 gp	'tier_one'	Item
Belashyrra's Beholder Crown	legendary	'legendary'	Magic Item
Bell	1 gp	'tier_one'	Item
Bell Branch	rare	'rare'	Magic Item
Belt of Dwarvenkind	rare	'rare'	Magic Item
Belt of Giant Strength, Cloud	legendary	'legendary'	Magic Item
Belt of Giant Strength, Fire	very rare	'very rare'	Magic Item
Belt of Giant Strength, Hill	rare	'rare'	Magic Item
Belt of Giant Strength, Stone	very rare	'very rare'	Magic Item
Belt of Giant Strength, Storm	legendary	'legendary'	Magic Item
Belt of the Weald	uncommon	'uncommon'	Magic Item
Beret	3 gp	'tier_one'	Item
Berserker Axe	rare	'rare'	Magic Item
Bit and Bridle	1 gp	'tier_one'	Item
Black Crystal Tablet	legendary	'legendary'	Magic Item
Blackrazor	legendary	'legendary'	Magic Item
Blackstaff	legendary	'legendary'	Magic Item
Blade of the Medusa	very rare	'very rare'	Magic Item
Blade of the Wood	rare	'rare'	Magic Item
Blanket	5 sp	'tier_one'	Item
Blast Scepter	very rare	'very rare'	Magic Item
Blasted Goggles	uncommon	'uncommon'	Magic Item
Block and Tackle	1 gp	'tier_one'	Item
Blod Stone	rare	'rare'	Magic Item
Blood of the Lycanthrope Antidote	uncommon	'uncommon'	Potion
Blood Spear	uncommon	'uncommon'	Magic Item
Bloodaxe	very rare	'very rare'	Magic Item
Bloodrage Greataxe	uncommon	'uncommon'	Magic Item
Bloodseeker Ammunition	very rare	'very rare'	Magic Item
Bloodshed Blade	very rare	'very rare'	Magic Item
Bloodwell Vial, +1	uncommon	'uncommon'	Magic Item
Bloodwell Vial, +2	rare	'rare'	Magic Item
Bloodwell Vial, +3	very rare	'very rare'	Magic Item
Blowgun	10 gp	'tier_one'	Item
Blowgun needles (50)	1 gp	'tier_one'	Item
Bobbing Lily Pad	very rare	'very rare'	Magic Item
Bonecounter	rare	'rare'	Magic Item
Book	25 gp	'tier_two'	Item
Bookcase	2 gp	'tier_one'	Item
Bookmark	legendary	'legendary'	Magic Item
Boomerang Shield	uncommon	'uncommon'	Magic Item
Boots of Elvenkind	uncommon	'uncommon'	Magic Item
Boots of False Tracks	common	'common'	Magic Item
Boots of Levitation	rare	'rare'	Magic Item
Boots of Speed	rare	'rare'	Magic Item
Boots of Striding and Springing	uncommon	'uncommon'	Magic Item
Boots of the Vigilant	uncommon	'uncommon'	Magic Item
Boots of the Winterlands	uncommon	'uncommon'	Magic Item
Bottle of Boundless Coffee	common	'common'	Magic Item
Bottled Breath	uncommon	'uncommon'	Potion
Bow Of Conflagration	rare	'rare'	Magic Item
Bow Of Melodies	very rare	'very rare'	Magic Item
Bowl of Commanding Water Elementals	rare	'rare'	Magic Item
Box of iron nails	2 sp	'tier_one'	Item
Bracelet of Rock Magic	very rare	'very rare'	Magic Item
Bracer of Flying Daggers	rare	'rare'	Magic Item
Bracers of Archery	uncommon	'uncommon'	Magic Item
Bracers of Celerity	rare	'rare'	Magic Item
Bracers of Defense	rare	'rare'	Magic Item
Brass Locket	1 gp	'tier_one'	Item
Brazier of Commanding Fire Elementals	rare	'rare'	Magic Item
Breastplate	400 gp	'tier_four'	Item
Breastplate Of Balance	rare	'rare'	Magic Item
Breathing Bubble	common	'common'	Magic Item
Brewer's supplies	20 gp	'tier_one'	Item
Brick of salt	5 cp	'tier_one'	Item
Bridle of Capturing	rare	'rare'	Magic Item
Brooch of Living Essence	uncommon	'uncommon'	Magic Item
Brooch of Shielding	uncommon	'uncommon'	Magic Item
Broom of Flying	uncommon	'uncommon'	Magic Item
Bucket	5 cp	'tier_one'	Item
Bundle of feathers	5 cp	'tier_one'	Item
Bundle of rabbit furs	10 gp	'tier_one'	Item
Burglar's Pack	16 gp	'tier_one'	Item
Burlap Sack	1 gp	'tier_one'	Item
Burnt Othur Fumes	500 gp	'tier_four'	Potion
Bushel of barley	1 cp	'tier_one'	Item
Bushel of wheat	1 cp	'tier_one'	Item
Butcher's Bib	rare	'rare'	Magic Item
Cabal's Ruin	legendary	'legendary'	Magic Item
Calligrapher's supplies	10 gp	'tier_one'	Item
Caltrops (bag of 20)	1 gp	'tier_one'	Item
Camel	50 gp	'tier_two'	Item
Can of tobacco	3 gp	'tier_one'	Item
Candle	1 cp	'tier_one'	Item
Candle of Invocation	very rare	'very rare'	Magic Item
Candle of the Deep	common	'common'	Magic Item
Cannon	1001 gp	'tier_six'	Item
Cap of Water Breathing	uncommon	'uncommon'	Magic Item
Cape of Enlargement	very rare	'very rare'	Magic Item
Cape of the Mountebank	rare	'rare'	Magic Item
Captain's Hat	20 gp	'tier_one'	Item
Card Sharp's Deck	uncommon	'uncommon'	Magic Item
Carpenter's tools	8 gp	'tier_one'	Item
Carpet of Flying	very rare	'very rare'	Magic Item
Carriage	100 gp	'tier_two'	Item
Carrion Crawler Mucus	200 gp	'tier_three'	Potion
Cart	1 gp	'tier_one'	Item
Cartographer's tools	15 gp	'tier_one'	Item
Case, Crossbow Bolt	1 gp	'tier_one'	Item
Case, Map/Scroll	1 gp	'tier_one'	Item
Case, Scroll	1 gp	'tier_one'	Item
Cask of artisanal beer	35 gp	'tier_two'	Item
Cask of black lotus bitters	100 gp	'tier_two'	Item
Cask of bourbon	35 gp	'tier_two'	Item
Cask of cider	35 gp	'tier_two'	Item
Cask of distilled fey	100 gp	'tier_two'	Item
Cask of Firewine	100 gp	'tier_two'	Item
Cask of Garnet Wine	100 gp	'tier_two'	Item
Cask of gin	35 gp	'tier_two'	Item
Cask of mead	35 gp	'tier_two'	Item
Cask of mushroom beer	100 gp	'tier_two'	Item
Cask of sparkling wine	35 gp	'tier_two'	Item
Cask of whisky	35 gp	'tier_two'	Item
Cask of wine	25 gp	'tier_two'	Item
Cast-Off Armor	common	'common'	Magic Item
Cataclysm Bolts	very rare	'very rare'	Magic Item
Cauldron of Plenty	rare	'rare'	Magic Item
Cauldron of Rebirth	very rare	'very rare'	Magic Item
Cello	18 gp	'tier_one'	Item
Censer of Controlling Air Elementals	rare	'rare'	Magic Item
Chain (10 ft)	5 gp	'tier_one'	Item
Chain Mail	75 gp	'tier_two'	Item
Chain Shirt	50 gp	'tier_two'	Item
Chalk (1 pc)	1 cp	'tier_one'	Item
Chandelier, huge	1500 gp	'tier_six'	Item
Chariot	250 gp	'tier_four'	Item
Charlatan's Die	common	'common'	Magic Item
Charm of Plant Command	rare	'rare'	Magic Item
Chest	5 gp	'tier_one'	Item
Chest of Preserving	common	'common'	Magic Item
Chicken	8 gp	'tier_one'	Item
Chime of Exile	very rare	'very rare'	Magic Item
Chime of Opening	rare	'rare'	Magic Item
Chromatic Rose	rare	'rare'	Magic Item
Chronicle of Fools	rare	'rare'	Magic Item
Chronolometer	very rare	'very rare'	Magic Item
Circlet of Barbed Vision	legendary	'legendary'	Magic Item
Circlet of Blasting	uncommon	'uncommon'	Magic Item
Circlet of Human Perfection	uncommon	'uncommon'	Magic Item
Cittern	18 gp	'tier_one'	Item
Claw of the Wyrm Rune	rare	'rare'	Magic Item
Claws of the Umber Hulk	rare	'rare'	Magic Item
Cleansing Stone	common	'common'	Magic Item
Climber's Kit	25 gp	'tier_two'	Item
Cloak of Arachnida	very rare	'very rare'	Magic Item
Cloak of Billowing	common	'common'	Magic Item
Cloak of Displacement	rare	'rare'	Magic Item
Cloak of Elvenkind	uncommon	'uncommon'	Magic Item
Cloak of Invisibility	legendary	'legendary'	Magic Item
Cloak of Many Fashions	common	'common'	Magic Item
Cloak of Protection	uncommon	'uncommon'	Magic Item
Cloak of Spines	uncommon	'uncommon'	Magic Item
Cloak of the Bat	rare	'rare'	Magic Item
Cloak of the Manta Ray	uncommon	'uncommon'	Magic Item
Clockwork Amulet	common	'common'	Magic Item
Clockwork Armor	very rare	'very rare'	Magic Item
Clothes of Mending	common	'common'	Magic Item
Club	1 sp	'tier_one'	Item
Coal Furnace	18 gp	'tier_one'	Item
Coat of the Crest	rare	'rare'	Magic Item
Cobbler's tools	5 gp	'tier_one'	Item
Cogs	1 gp	'tier_one'	Item
Cogwork Wings	rare	'rare'	Magic Item
Coin of Delving	common	'common'	Magic Item
Common Clothes	5 sp	'tier_one'	Item
Common Fish	1 gp	'tier_one'	Item
Component Pouch	25 gp	'tier_two'	Item
Conch of Teleportation	very rare	'very rare'	Magic Item
Condemner	legendary	'legendary'	Magic Item
Constantori's Portrait	very rare	'very rare'	Magic Item
Cook's utensils	1 gp	'tier_one'	Item
Corecut Dagger	very rare	'very rare'	Magic Item
Corpse Slayer	rare	'rare'	Magic Item
Costume	5 gp	'tier_one'	Item
Cowl	2 gp	'tier_one'	Item
Cracked Driftglobe	uncommon	'uncommon'	Magic Item
Crate of apples	1 gp	'tier_one'	Item
Crate of bananas	1 gp	'tier_one'	Item
Crate of cactus fruit	10 gp	'tier_one'	Item
Crate of dragonfruit	10 gp	'tier_one'	Item
Crate of eggs	2 sp	'tier_one'	Item
Crate of mixed berries	1 gp	'tier_one'	Item
Crate of oranges	1 gp	'tier_one'	Item
Crate of passion fruit	10 gp	'tier_one'	Item
Crate of pears	1 gp	'tier_one'	Item
Crate of pineapples	10 gp	'tier_one'	Item
Crate of plums	1 gp	'tier_one'	Item
Crate of pomegranates	10 gp	'tier_one'	Item
Crate of soap bars	1 gp	'tier_one'	Item
Crate of tomatoes	1 gp	'tier_one'	Item
Cream of Ooze Moisturizing Face Serum	common	'common'	Magic Item
Crossbow bolts (20)	1 gp	'tier_one'	Item
Crossbow, hand	75 gp	'tier_two'	Item
Crossbow, heavy	50 gp	'tier_two'	Item
Crossbow, light	25 gp	'tier_two'	Item
Crowbar	2 gp	'tier_one'	Item
Crown	750 gp	'tier_five'	Item
Crown of Daffodils	uncommon	'uncommon'	Magic Item
Crown of the Wrath Bringer	rare	'rare'	Magic Item
Crown Of Whirling Comets	very rare	'very rare'	Magic Item
Crystal	10 gp	'tier_one'	Item
Crystal Ball	very rare	'very rare'	Magic Item
Crystal Ball, legendary	legendary	'legendary'	Magic Item
Crystal Blade	rare	'rare'	Magic Item
Crystalline Chronicle	very rare	'very rare'	Magic Item
Cube of Force	rare	'rare'	Magic Item
Cubic Gate	legendary	'legendary'	Magic Item
Cuddly Strixhaven Mascot	common	'common'	Magic Item
Cup of ground black pepper	2 gp	'tier_one'	Item
Cursed Luckstone	uncommon	'uncommon'	Magic Item
Cymbals, Pair	10 gp	'tier_one'	Item
Daern's Instant Fortress	rare	'rare'	Magic Item
Dagger	2 gp	'tier_one'	Item
Dagger of Blindsight	rare	'rare'	Magic Item
Dagger of Denial	rare	'rare'	Magic Item
Dagger of Venom	rare	'rare'	Magic Item
Dairy Cow	25 gp	'tier_two'	Item
Dancing Sword	very rare	'very rare'	Magic Item
Danoth's Visor	legendary	'legendary'	Magic Item
Dark Shard Amulet	common	'common'	Magic Item
Dart	5 cp	'tier_one'	Item
Dawnbringer	legendary	'legendary'	Magic Item
Deathwalker's Ward	legendary	'legendary'	Magic Item
Decanter of Endless Water	uncommon	'uncommon'	Magic Item
Deck Of Dimensions	very rare	'very rare'	Magic Item
Deck of Illusions	uncommon	'uncommon'	Magic Item
Deck Of Many More Things	legendary	'legendary'	Magic Item
Deck of Many Things	legendary	'legendary'	Magic Item
Deck Of Miscellany	uncommon	'uncommon'	Magic Item
Deck Of Oracles	rare	'rare'	Magic Item
Deck of Several Things	legendary	'legendary'	Magic Item
Deck Of Wild Cards	very rare	'very rare'	Magic Item
Deck Of Wonder	uncommon	'uncommon'	Magic Item
Defender	legendary	'legendary'	Magic Item
Delver's Claws	rare	'rare'	Magic Item
Demon Armor	very rare	'very rare'	Magic Item
Demon Skin	rare	'rare'	Magic Item
Desk, ornate	15 gp	'tier_one'	Item
Devastation Orb	very rare	'very rare'	Magic Item
Devotee's Censer	rare	'rare'	Magic Item
Dice set	1 sp	'tier_one'	Item
Dimensional Loop	very rare	'very rare'	Magic Item
Dimensional Shackles	rare	'rare'	Magic Item
Diplomat's Pack	39 gp	'tier_two'	Item
Disguise kit	25 gp	'tier_two'	Item
Dispelling Stone	very rare	'very rare'	Magic Item
Docent	rare	'rare'	Magic Item
Dodecahedron of Doom	rare	'rare'	Magic Item
Doghouse	3 gp	'tier_one'	Item
Donjon's Sundering Sphere	rare	'rare'	Magic Item
Doublet of Dramatic Demise	common	'common'	Magic Item
Draft Horse	50 gp	'tier_two'	Item
Dragon Mask	legendary	'legendary'	Magic Item
Dragon Scale Mail	very rare	'very rare'	Magic Item
Dragon Slayer	rare	'rare'	Magic Item
Dragon Vessel, Ascendant	legendary	'legendary'	Magic Item
Dragon Vessel, Slumbering	uncommon	'uncommon'	Magic Item
Dragon Vessel, Stirring	rare	'rare'	Magic Item
Dragon Vessel, Wakened	very rare	'very rare'	Magic Item
Dragon Wing Bow	rare	'rare'	Magic Item
Dragon-Touched Focus, Ascendant	legendary	'legendary'	Magic Item
Dragon-Touched Focus, Slumbering	uncommon	'uncommon'	Magic Item
Dragon-Touched Focus, Stirring	rare	'rare'	Magic Item
Dragon-Touched Focus, Wakened	very rare	'very rare'	Magic Item
Dragon's Wrath Weapon, Ascendant	legendary	'legendary'	Magic Item
Dragon's Wrath Weapon, Slumbering	uncommon	'uncommon'	Magic Item
Dragon's Wrath Weapon, Stirring	rare	'rare'	Magic Item
Dragon's Wrath Weapon, Wakened	very rare	'very rare'	Magic Item
Dragonchess set	1 gp	'tier_one'	Item
Dragonhide Belt, +1	uncommon	'uncommon'	Magic Item
Dragonhide Belt, +2	rare	'rare'	Magic Item
Dragonhide Belt, +3	very rare	'very rare'	Magic Item
Dragonlance	legendary	'legendary'	Magic Item
Dragonstaff of Ahghairon	legendary	'legendary'	Magic Item
Dragontooth Dagger	rare	'rare'	Magic Item
Draught of Feather Shine	very rare	'very rare'	Magic Item
Draught of Slime Curse Cure	rare	'rare'	Magic Item
Dread Helm	common	'common'	Magic Item
Dried Leech	uncommon	'uncommon'	Magic Item
Driftglobe	uncommon	'uncommon'	Magic Item
Drow Poison	200 gp	'tier_three'	Potion
Drown	legendary	'legendary'	Magic Item
Drum	6 gp	'tier_one'	Item
Duck	10 gp	'tier_one'	Item
Dulcimer	25 gp	'tier_two'	Item
Dungeoneer's Pack	12 gp	'tier_one'	Item
Duplicitous Manuscript	rare	'rare'	Magic Item
Duskcrusher	very rare	'very rare'	Magic Item
Dust of Corrosion	uncommon	'uncommon'	Magic Item
Dust of Deliciousness	uncommon	'uncommon'	Magic Item
Dust of Disappearance	uncommon	'uncommon'	Magic Item
Dust of Dryness	uncommon	'uncommon'	Magic Item
Dust of Sneezing and Choking	uncommon	'uncommon'	Magic Item
Dwarven Plate	very rare	'very rare'	Magic Item
Dwarven Thrower	very rare	'very rare'	Magic Item
Dynamite (Exandria)	100 GP	'tier_two'	Item
Dyrrn's Tentacle Whip	very rare	'very rare'	Magic Item
Eagle Whistle	rare	'rare'	Magic Item
Ear Horn of Hearing	common	'common'	Magic Item
Earring of Message	common	'common'	Magic Item
Earthboard	rare	'rare'	Magic Item
Earworm	uncommon	'uncommon'	Magic Item
Echo Stone	uncommon	'uncommon'	Magic Item
Efreeti Bottle	very rare	'very rare'	Magic Item
Efreeti Chain	legendary	'legendary'	Magic Item
Egg of Rebirth	legendary	'legendary'	Magic Item
Eldritch Staff	very rare	'very rare'	Magic Item
Elemental Essence Shard	rare	'rare'	Magic Item
Elemental Gem	uncommon	'uncommon'	Magic Item
Elixir of Health	rare	'rare'	Potion
Elven Chain	rare	'rare'	Magic Item
Emblem	5 gp	'tier_one'	Item
Emerald Pen	uncommon	'uncommon'	Magic Item
Enduring Spellbook	common	'common'	Magic Item
Entertainer's Pack	40 gp	'tier_two'	Item
Ersatz Eye	common	'common'	Magic Item
Essence of Ether	300 gp	'tier_four'	Potion
Euryale's Aegis	legendary	'legendary'	Magic Item
Everbright Lantern	common	'common'	Magic Item
Eversmoking Bottle	uncommon	'uncommon'	Magic Item
Explorer's Pack	10 gp	'tier_one'	Item
Eye of Starsight	rare	'rare'	Magic Item
Eyes of Charming	uncommon	'uncommon'	Magic Item
Eyes of Minute Seeing	uncommon	'uncommon'	Magic Item
Eyes of the Eagle	uncommon	'uncommon'	Magic Item
Fabulist Gem	uncommon	'uncommon'	Magic Item
Fane-Eater	legendary	'legendary'	Magic Item
Fangs of Guile	rare	'rare'	Magic Item
Far Gear	very rare	'very rare'	Magic Item
Far Realm Shard	rare	'rare'	Magic Item
Fate Cutter Shears	very rare	'very rare'	Magic Item
Fate Dealer's Deck, Legendary	legendary	'legendary'	Magic Item
Fate Dealer's Deck, Rare	rare	'rare'	Magic Item
Fate Dealer's Deck, Very Rare	very rare	'very rare'	Magic Item
Feather of Diatryma Summoning	rare	'rare'	Magic Item
Feather Robe	very rare	'very rare'	Magic Item
Feather Token	common	'common'	Magic Item
Feathered Helm	rare	'rare'	Magic Item
Fenthras	legendary	'legendary'	Magic Item
Feywild Shard	uncommon	'uncommon'	Magic Item
Feywrought Armor	rare	'rare'	Magic Item
Fez	5 gp	'tier_one'	Item
Figurine of Wondrous Power, Canary	legendary	'legendary'	Magic Item
Figurine of Wondrous Power, Dog	rare	'rare'	Magic Item
Figurine of Wondrous Power, Elephant	rare	'rare'	Magic Item
Figurine of Wondrous Power, Fly	rare	'rare'	Magic Item
Figurine of Wondrous Power, Goats	rare	'rare'	Magic Item
Figurine of Wondrous Power, Griffon	rare	'rare'	Magic Item
Figurine of Wondrous Power, Lions	rare	'rare'	Magic Item
Figurine of Wondrous Power, Owl	rare	'rare'	Magic Item
Figurine of Wondrous Power, raven	uncommon	'uncommon'	Magic Item
Figurine of Wondrous Power, Steed	very rare	'very rare'	Magic Item
Finder's Goggles	uncommon	'uncommon'	Magic Item
Fine Clothes	15 gp	'tier_one'	Item
Fish Suit	very rare	'very rare'	Magic Item
Fishing Tackle	1 gp	'tier_one'	Item
Flail	10 gp	'tier_one'	Item
Flail of Tiamat	legendary	'legendary'	Magic Item
Flame of Ingenuity	very rare	'very rare'	Magic Item
Flame Tongue	rare	'rare'	Magic Item
Flamefriend Lantern	rare	'rare'	Magic Item
Flask or Tankard	2 cp	'tier_one'	Item
Flayer Slayer	rare	'rare'	Magic Item
Flute	2 gp	'tier_one'	Item
Flying Chariot	rare	'rare'	Magic Item
Flying Citadel Helm	very rare	'very rare'	Magic Item
Folding Boat	rare	'rare'	Magic Item
Fool's Blade	very rare	'very rare'	Magic Item
Forcebreaker Weapon	very rare	'very rare'	Magic Item
Forgery kit	15 gp	'tier_one'	Item
Fountain	750 gp	'tier_five'	Item
Frost Brand	very rare	'very rare'	Magic Item
Fulminating Treatise	rare	'rare'	Magic Item
Galder's Bubble Pipe	rare	'rare'	Magic Item
Gallon of black dye	1 gp	'tier_one'	Item
Gallon of blue dye	10 gp	'tier_one'	Item
Gallon of brown dye	5 gp	'tier_one'	Item
Gallon of green dye	5 gp	'tier_one'	Item
Gallon of indigo dye	10 gp	'tier_one'	Item
Gallon of orange dye	3 gp	'tier_one'	Item
Gallon of purple dye	10 gp	'tier_one'	Item
Gallon of red dye	1 gp	'tier_one'	Item
Gallon of vinegar	1 sp	'tier_one'	Item
Gallon of white dye	1 gp	'tier_one'	Item
Gallon of yellow dye	1 gp	'tier_one'	Item
Gambler's Blade	rare	'rare'	Magic Item
Gauntlets of Flaming Fury	rare	'rare'	Magic Item
Gauntlets of Ogre Power	uncommon	'uncommon'	Magic Item
Gavel of the Venn Rune	rare	'rare'	Magic Item
Gem of Brightness	uncommon	'uncommon'	Magic Item
Gem of Seeing	rare	'rare'	Magic Item
Ghost Lantern	rare	'rare'	Magic Item
Ghost Step Tattoo	very rare	'very rare'	Magic Item
Giant Slayer	rare	'rare'	Magic Item
Glaive	20 gp	'tier_one'	Item
Glamerweave	common	'common'	Magic Item
Glamoured Studded Leather	rare	'rare'	Magic Item
Glass Bottle	2 gp	'tier_one'	Item
Glassblower's tools	30 gp	'tier_two'	Item
Glimmering Moonbow	rare	'rare'	Magic Item
Gloomwrought Armor	rare	'rare'	Magic Item
Gloves of Missile Snaring	uncommon	'uncommon'	Magic Item
Gloves of Soul Catching	legendary	'legendary'	Magic Item
Gloves of Swimming and Climbing	uncommon	'uncommon'	Magic Item
Gloves of Thievery	uncommon	'uncommon'	Magic Item
Glowing Ember	uncommon	'uncommon'	Magic Item
Glowrune Pigment	rare	'rare'	Magic Item
Gluebomb	50 GP	'tier_two'	Item
Goat	20 gp	'tier_one'	Item
Goggles	10 gp	'tier_one'	Item
Goggles of Night	uncommon	'uncommon'	Magic Item
Goggles of Object Reading	uncommon	'uncommon'	Magic Item
Gong	6 gp	'tier_one'	Item
Grappling Hook	2 gp	'tier_one'	Item
Grasping Whip	rare	'rare'	Magic Item
Greataxe	30 gp	'tier_two'	Item
Greatclub	2 sp	'tier_one'	Item
Greatsword	50 gp	'tier_two'	Item
Grimoire Infinitus	legendary	'legendary'	Magic Item
Guardian Emblem	uncommon	'uncommon'	Magic Item
Guild Keyrune, Azorius	rare	'rare'	Magic Item
Guild Keyrune, Boros	rare	'rare'	Magic Item
Guild Keyrune, Dimir	very rare	'very rare'	Magic Item
Guild Keyrune, Golgari	very rare	'very rare'	Magic Item
Guild Keyrune, Gruul	rare	'rare'	Magic Item
Guild Keyrune, Izzet	rare	'rare'	Magic Item
Guild Keyrune, Orzhov	rare	'rare'	Magic Item
Guild Keyrune, Rakdos	uncommon	'uncommon'	Magic Item
Guild Keyrune, Selesnya	rare	'rare'	Magic Item
Guild Keyrune, Simic	uncommon	'uncommon'	Magic Item
Guild Signet	uncommon	'uncommon'	Magic Item
Gulthias Staff	rare	'rare'	Magic Item
Gurt's Greataxe	legendary	'legendary'	Magic Item
Halberd	20 gp	'tier_one'	Item
Half Plate	750 gp	'tier_five'	Item
Hammer	1 gp	'tier_one'	Item
Hammer of Runic Focus	very rare	'very rare'	Magic Item
Hammer of Thunderbolts	legendary	'legendary'	Magic Item
Hammock of Worlds	legendary	'legendary'	Magic Item
Handaxe	5 gp	'tier_one'	Item
Harkon's Bite	uncommon	'uncommon'	Magic Item
Harp	18 gp	'tier_one'	Item
Harp of Gilded Plenty	legendary	'legendary'	Magic Item
Hat of Disguise	uncommon	'uncommon'	Magic Item
Hat of Vermin	common	'common'	Magic Item
Hat of Wizardry	common	'common'	Magic Item
Hazirawn	legendary	'legendary'	Magic Item
Headband of Intellect	uncommon	'uncommon'	Magic Item
Healer's Kit	5 gp	'tier_one'	Item
Heart Weaver's Primer	rare	'rare'	Magic Item
Hell Hound Cloak	rare	'rare'	Magic Item
Hellfire Weapon	uncommon	'uncommon'	Magic Item
Helm of Brilliance	very rare	'very rare'	Magic Item
Helm of Comprehending Languages	uncommon	'uncommon'	Magic Item
Helm of Devil Command	very rare	'very rare'	Magic Item
Helm of Disjunction	legendary	'legendary'	Magic Item
Helm of Telepathy	uncommon	'uncommon'	Magic Item
Helm of Teleportation	rare	'rare'	Magic Item
Helm of the Gods	rare	'rare'	Magic Item
Helm of the Scavenger	legendary	'legendary'	Magic Item
Helm of Underwater Action	uncommon	'uncommon'	Magic Item
Herbalism kit	5 gp	'tier_one'	Item
Heretic	legendary	'legendary'	Magic Item
Heward's Handy Haversack	rare	'rare'	Magic Item
Heward's Handy Spice Pouch	common	'common'	Magic Item
Heward's Hireling Armor	very rare	'very rare'	Magic Item
Hide Armor	10 gp	'tier_one'	Item
Hide of the Feral Guardian	legendary	'legendary'	Magic Item
Hither-Thither Staff	legendary	'legendary'	Magic Item
Hod of bricks	3 cp	'tier_one'	Item
Hod of decorative masonry stones	1 sp	'tier_one'	Item
Holy Avenger	legendary	'legendary'	Magic Item
Holy Symbol	5 gp	'tier_one'	Item
Holy Symbol of Ravenkind	legendary	'legendary'	Magic Item
Holy Water (flask)	25 gp	'tier_two'	Item
Honor's Last Stand	legendary	'legendary'	Magic Item
Hood	1 sp	'tier_one'	Item
Hook of Fisher's Delight	rare	'rare'	Magic Item
Horn	3 gp	'tier_one'	Item
Horn of Beckoning Death	legendary	'legendary'	Magic Item
Horn of Blasting	rare	'rare'	Magic Item
Horn of Silent Alarm	common	'common'	Magic Item
Horn of the Endless Maze	rare	'rare'	Magic Item
Horn of Valhalla, Brass	rare	'rare'	Magic Item
Horn of Valhalla, Bronze	very rare	'very rare'	Magic Item
Horn of Valhalla, Iron	legendary	'legendary'	Magic Item
Horn of Valhalla, Silver	rare	'rare'	Magic Item
Horned Ring	very rare	'very rare'	Magic Item
Horseshoes of a Zephyr	very rare	'very rare'	Magic Item
Horseshoes of Speed	rare	'rare'	Magic Item
Hourglass	25 gp	'tier_two'	Item
House Of Cards	uncommon	'uncommon'	Magic Item
Hunter's Coat	very rare	'very rare'	Magic Item
Hunting Trap	5 gp	'tier_one'	Item
Hurdy Gurdy	18 gp	'tier_one'	Item
Icon of Ravenloft	legendary	'legendary'	Magic Item
Iggwylv's Horn	rare	'rare'	Magic Item
Illusionist's Bracers	very rare	'very rare'	Magic Item
Imbued Wood Focus	common	'common'	Magic Item
Immovable Rod	uncommon	'uncommon'	Magic Item
Inescapable Lash	rare	'rare'	Magic Item
Infernal Puzzle Box	uncommon	'uncommon'	Magic Item
Infernal Tack	legendary	'legendary'	Magic Item
Infiltrator's Key	legendary	'legendary'	Magic Item
Ingot of the Skold Rune	very rare	'very rare'	Magic Item
Ink (1 oz)	10 gp	'tier_one'	Item
Ink Pen	2 cp	'tier_one'	Item
Inquisitive's Goggles	uncommon	'uncommon'	Magic Item
Insignia of Claws	uncommon	'uncommon'	Magic Item
Instrument of Illusions	common	'common'	Magic Item
Instrument of Scribing	common	'common'	Magic Item
Instrument of the Bards, Anstruth Harp	very rare	'very rare'	Magic Item
Instrument of the Bards, Canaith Mandolin	rare	'rare'	Magic Item
Instrument of the Bards, Cli Lyre	rare	'rare'	Magic Item
Instrument of the Bards, Doss Lute	uncommon	'uncommon'	Magic Item
Instrument of the Bards, Fochlucan Bandore	uncommon	'uncommon'	Magic Item
Instrument of the Bards, Mac-Fuirmidh Cittern	uncommon	'uncommon'	Magic Item
Instrument of the Bards, Ollamh Harp	legendary	'legendary'	Magic Item
Ioun Stone, legendary	legendary	'legendary'	Magic Item
Ioun Stone, rare	rare	'rare'	Magic Item
Ioun Stone, very rare	very rare	'very rare'	Magic Item
Iron Bands of Bilarro	rare	'rare'	Magic Item
Iron Flask	legendary	'legendary'	Magic Item
Ironfang	legendary	'legendary'	Magic Item
Jar of honey	15 gp	'tier_one'	Item
Javelin	5 sp	'tier_one'	Item
Javelin of Lightning	uncommon	'uncommon'	Magic Item
Jester's Mask	legendary	'legendary'	Magic Item
Jewel of Three Prayers	legendary	'legendary'	Magic Item
Jeweler's tools	25 gp	'tier_two'	Item
Jug or Pitcher	2 cp	'tier_one'	Item
Kagonesti Forest Shroud	rare	'rare'	Magic Item
Keoghtom's Ointment	uncommon	'uncommon'	Magic Item
Keycharm	common	'common'	Magic Item
Knave's Eye Patch	rare	'rare'	Magic Item
Korolnor Scepter	legendary	'legendary'	Magic Item
Kwark's Wondrous Kernels	uncommon	'uncommon'	Magic Item
Kyrzin's Ooze	very rare	'very rare'	Magic Item
Ladder (10 ft)	1 sp	'tier_one'	Item
Lamp	5 sp	'tier_one'	Item
Lamp, magic	100 gp	'tier_two'	Item
Lance	10 gp	'tier_one'	Item
Lantern - Bullseye	10 gp	'tier_one'	Item
Lantern - Hooded	5 gp	'tier_one'	Item
Lantern of Revealing	uncommon	'uncommon'	Magic Item
Lantern of Tracking	common	'common'	Magic Item
Lash of Immolation	rare	'rare'	Magic Item
Last Stand Armor	very rare	'very rare'	Magic Item
Leather Armor	10 gp	'tier_one'	Item
Leather Golem Armor	rare	'rare'	Magic Item
Leatherworker's tools	5 gp	'tier_one'	Item
Libram of Souls and Flesh	rare	'rare'	Magic Item
Light hammer	2 gp	'tier_one'	Item
Living Armor	very rare	'very rare'	Magic Item
Living Gloves	uncommon	'uncommon'	Magic Item
Loadstone	rare	'rare'	Magic Item
Lock	10 gp	'tier_one'	Item
Lock of Trickery	common	'common'	Magic Item
Longbow	50 gp	'tier_two'	Item
Longbow of the Healing Hearth	legendary	'legendary'	Magic Item
Longsword	15 gp	'tier_one'	Item
Lord's Ensemble	very rare	'very rare'	Magic Item
Lorehold Primer	uncommon	'uncommon'	Magic Item
Lost Crown of Besilmer	legendary	'legendary'	Magic Item
Lucent Destroyer	very rare	'very rare'	Magic Item
Luck Blade	legendary	'legendary'	Magic Item
Luminous War Pick	rare	'rare'	Magic Item
Lute	35 gp	'tier_two'	Item
Luxon Beacon	legendary	'legendary'	Magic Item
Lyre	30 gp	'tier_two'	Item
Lyre of Building	rare	'rare'	Magic Item
Mace	5 gp	'tier_one'	Item
Mace of Disruption	rare	'rare'	Magic Item
Mace of Smiting	rare	'rare'	Magic Item
Mace of Terror	rare	'rare'	Magic Item
Magician's Judge	rare	'rare'	Magic Item
Magnifying Glass	100 gp	'tier_two'	Item
Malice	250 gp	'tier_four'	Potion
Manacles	2 gp	'tier_one'	Item
Mangonel	501 gp	'tier_five'	Item
Mantle of Spell Resistance	rare	'rare'	Magic Item
Mariner's Armor	uncommon	'uncommon'	Magic Item
Marotte of Chance	uncommon	'uncommon'	Magic Item
Mask of the Beast	uncommon	'uncommon'	Magic Item
Mason's tools	10 gp	'tier_one'	Item
Masque Charm	common	'common'	Magic Item
Matalotok	legendary	'legendary'	Magic Item
Maul	10 gp	'tier_one'	Item
Medal of Muscle	common	'common'	Magic Item
Medal of the Conch	common	'common'	Magic Item
Medal of the Horizonback	common	'common'	Magic Item
Medal of the Maze	common	'common'	Magic Item
Medal of the Meat Pie	common	'common'	Magic Item
Medal of the Wetlands	common	'common'	Magic Item
Medal of Wit	common	'common'	Magic Item
Medallion of Thoughts	uncommon	'uncommon'	Magic Item
Mess Kit	2 sp	'tier_one'	Item
Midnight Tears	1500 gp	'tier_six'	Potion
Mimir	rare	'rare'	Magic Item
Mind Blade	rare	'rare'	Magic Item
Mind Carapace Armor	uncommon	'uncommon'	Magic Item
Mind Crystal, Careful	uncommon	'uncommon'	Magic Item
Mind Crystal, Distant	uncommon	'uncommon'	Magic Item
Mind Crystal, Empowered	uncommon	'uncommon'	Magic Item
Mind Crystal, Extended	uncommon	'uncommon'	Magic Item
Mind Crystal, Heightened	rare	'rare'	Magic Item
Mind Crystal, Quickened	rare	'rare'	Magic Item
Mind Crystal, Subtle	common	'common'	Magic Item
Mind Lash	rare	'rare'	Magic Item
Mindblasting Cap	very rare	'very rare'	Magic Item
Mindguard Crown	very rare	'very rare'	Magic Item
Miner's Pick	2 gp	'tier_one'	Item
Mirror of Infinite Transpondence	very rare	'very rare'	Magic Item
Mirror of Life Trapping	very rare	'very rare'	Magic Item
Mirror of Reflected Pasts	very rare	'very rare'	Magic Item
Mirror of the Past	rare	'rare'	Magic Item
Mistral Mantle	very rare	'very rare'	Magic Item
Mithral Armor	uncommon	'uncommon'	Magic Item
Mizzium Apparatus	uncommon	'uncommon'	Magic Item
Mizzium Armor	rare	'rare'	Magic Item
Mizzium Mortar	rare	'rare'	Magic Item
Molten Bronze Skin	rare	'rare'	Magic Item
Moodmark Paint	common	'common'	Magic Item
Moon Sickle, +1	uncommon	'uncommon'	Magic Item
Moon Sickle, +2	rare	'rare'	Magic Item
Moon Sickle, +3	very rare	'very rare'	Magic Item
Moon-Touched Sword	common	'common'	Magic Item
Moonblade	legendary	'legendary'	Magic Item
Morningstar	15 gp	'tier_one'	Item
Mosaic, large 	600 gp	'tier_five'	Item
Mudslick Tower	very rare	'very rare'	Magic Item
Mule	8 gp	'tier_one'	Item
Mummy Rot Antidote	uncommon	'uncommon'	Potion
Murgaxor's Orb	legendary	'legendary'	Magic Item
Mystery Key	common	'common'	Magic Item
Mythcarver	legendary	'legendary'	Magic Item
Nag Horse	1 gp	'tier_one'	Item
Nature's Mantle	uncommon	'uncommon'	Magic Item
Navigation Orb	very rare	'very rare'	Magic Item
Navigator's tools	25 gp	'tier_two'	Item
Necklace of Adaptation	uncommon	'uncommon'	Magic Item
Necklace of Fireballs	rare	'rare'	Magic Item
Necklace of Prayer Beads	rare	'rare'	Magic Item
Needle of Mending	rare	'rare'	Magic Item
Nepenthe	legendary	'legendary'	Magic Item
Nest Charm	uncommon	'uncommon'	Magic Item
Net	1 gp	'tier_one'	Item
Night Caller	uncommon	'uncommon'	Magic Item
Nightbringer	legendary	'legendary'	Magic Item
Nightfall Pearl	legendary	'legendary'	Magic Item
Nimbus Coronet	very rare	'very rare'	Magic Item
Nine Lives Stealer	very rare	'very rare'	Magic Item
Noble Mask	5 gp	'tier_one'	Item
Nolzur's Marvelous Pigments	very rare	'very rare'	Magic Item
Oathbow	very rare	'very rare'	Magic Item
Obsidian Flint Dragon Plate	legendary	'legendary'	Magic Item
Oceanic Weapon	rare	'rare'	Magic Item
Oil (flask)	1 gp	'tier_one'	Item
Oil of Etherealness	rare	'rare'	Potion
Oil of Sharpness	very rare	'very rare'	Potion
Oil of Slipperiness	uncommon	'uncommon'	Potion
Oil of Taggit	400 gp	'tier_four'	Potion
Opal of the Ild Rune	rare	'rare'	Magic Item
Orb	20 gp	'tier_one'	Item
Orb of Direction	common	'common'	Magic Item
Orb of Gonging	common	'common'	Magic Item
Orb of Shielding	common	'common'	Magic Item
Orb of Skoraeus	legendary	'legendary'	Magic Item
Orb of the Stein Rune	rare	'rare'	Magic Item
Orb of the Veil	very rare	'very rare'	Magic Item
Orb of Time	common	'common'	Magic Item
Orcsplitter	legendary	'legendary'	Magic Item
Ornate exotic carpet	500 gp	'tier_four'	Item
Ornithopter of Flying	very rare	'very rare'	Magic Item
Oud	15 gp	'tier_one'	Item
Ounce of cinnamon	2 gp	'tier_one'	Item
Ounce of Turmeric	10 gp	'tier_one'	Item
Outer Essence Shard	rare	'rare'	Magic Item
Ox	15 gp	'tier_one'	Item
Padded Armor	5 gp	'tier_one'	Item
Painter's supplies	10 gp	'tier_one'	Item
Painting, Huge	550 gp	'tier_five'	Item
Painting, large	50 gp	'tier_two'	Item
Painting, Nice	40 gp	'tier_two'	Item
Pale Tincture	250 gp	'tier_four'	Potion
Pan flute	12 gp	'tier_one'	Item
Paper (1 sheet)	2 sp	'tier_one'	Item
Paper Bird	uncommon	'uncommon'	Magic Item
Parchment (1 sheet)	1 sp	'tier_one'	Item
Pariah's Shield	rare	'rare'	Magic Item
Pathfinder's Pebble	very rare	'very rare'	Magic Item
Pearl of Power	uncommon	'uncommon'	Magic Item
Pennant of the Vind Rune	very rare	'very rare'	Magic Item
Peregrine Mask	very rare	'very rare'	Magic Item
Perfume (vial)	5 gp	'tier_one'	Item
Perfume of Bewitching	common	'common'	Magic Item
Periapt of Health	uncommon	'uncommon'	Magic Item
Periapt of Proof against Poison	rare	'rare'	Magic Item
Periapt of Wound Closure	uncommon	'uncommon'	Magic Item
Pewter Jug	2 gp	'tier_one'	Item
Philter of Love	uncommon	'uncommon'	Potion
Pickaxe	4 gp	'tier_one'	Item
Pig	15 gp	'tier_one'	Item
Pike	5 gp	'tier_one'	Item
Pipe of Remembrance	common	'common'	Magic Item
Pipe of Smoke Monsters	common	'common'	Magic Item
Pipes of Haunting	uncommon	'uncommon'	Magic Item
Pipes of the Sewers	uncommon	'uncommon'	Magic Item
Piton	5 cp	'tier_one'	Item
Piwafwi	uncommon	'uncommon'	Magic Item
Piwafwi of Fire Resistance	rare	'rare'	Magic Item
Pixie Dust	uncommon	'uncommon'	Magic Item
Plainscow	200 GP	'tier_three'	Item
Planecaller's Codex	rare	'rare'	Magic Item
Plate Armor	1500 gp	'tier_six'	Item
Plate Armor of Etherealness	legendary	'legendary'	Magic Item
Plate Of Knight's Fellowship	uncommon	'uncommon'	Magic Item
Plate of the Dawnmartyr	legendary	'legendary'	Magic Item
Platinum Scarf	legendary	'legendary'	Magic Item
Playing card set	5 sp	'tier_one'	Item
Pocketwatch	5 gp	'tier_one'	Item
Poisoner's kit	50 gp	'tier_two'	Item
Pole (10 ft)	5 cp	'tier_one'	Item
Pole of Angling	common	'common'	Magic Item
Pole of Collapsing	common	'common'	Magic Item
Polymorph Blade	very rare	'very rare'	Magic Item
Pony	30 gp	'tier_two'	Item
Portable Hole	rare	'rare'	Magic Item
Portal Compass	uncommon	'uncommon'	Magic Item
Pot of Awakening	common	'common'	Magic Item
Pot, iron	2 gp	'tier_one'	Item
Potion of Advantage	uncommon	'uncommon'	Potion
Potion of Animal Friendship	uncommon	'uncommon'	Potion
Potion of Aqueous Form	rare	'rare'	Potion
Potion of Clairvoyance	rare	'rare'	Potion
Potion of Climbing	common	'common'	Potion
Potion of Diminution	rare	'rare'	Potion
Potion of Dragon's Majesty	legendary	'legendary'	Potion
Potion of Fire Breath	uncommon	'uncommon'	Potion
Potion of Flying	very rare	'very rare'	Potion
Potion of Gaseous Form	rare	'rare'	Potion
Potion of Giant Size	legendary	'legendary'	Potion
Potion of Giant Strength, Cloud	very rare	'very rare'	Potion
Potion of Giant Strength, Fire	rare	'rare'	Potion
Potion of Giant Strength, Frost	rare	'rare'	Potion
Potion of Giant Strength, Hill	uncommon	'uncommon'	Potion
Potion of Giant Strength, Stone	rare	'rare'	Potion
Potion of Giant Strength, Storm	legendary	'legendary'	Potion
Potion of Growth	uncommon	'uncommon'	Potion
Potion of Healing	common	'common'	Potion
Potion of Healing, Supreme	very rare	'very rare'	Potion
Potion of Healing, Greater	uncommon	'uncommon'	Potion
Potion of Healing, Superior	rare	'rare'	Potion
Potion of Heroism	rare	'rare'	Potion
Potion of Invisibility	very rare	'very rare'	Potion
Potion of Invulnerability	rare	'rare'	Potion
Potion of Longevity	very rare	'very rare'	Potion
Potion of Maximum Power	rare	'rare'	Potion
Potion of Mind Control, Beast	rare	'rare'	Potion
Potion of Mind Control, Humanoid	rare	'rare'	Potion
Potion of Mind Control, Monster	very rare	'very rare'	Potion
Potion of Mind Reading	rare	'rare'	Potion
Potion of Poison	uncommon	'uncommon'	Potion
Potion Of Polychromy	uncommon	'uncommon'	Potion
Potion of Possibility	very rare	'very rare'	Potion
Potion of Psionic Fortitude	uncommon	'uncommon'	Potion
Potion of Resistance	uncommon	'uncommon'	Potion
Potion of Rest	rare	'rare'	Magic Item
Potion of Speed	very rare	'very rare'	Potion
Potion of Vitality	very rare	'very rare'	Potion
Potion of Watchful Rest	common	'common'	Potion
Potion of Water Breathing	uncommon	'uncommon'	Potion
Potter's tools	10 gp	'tier_one'	Item
Pouch	5 sp	'tier_one'	Item
Pouch of chalk	5 sp	'tier_one'	Item
Pound of bacon	1 sp	'tier_one'	Item
Pound of butter	3 cp	'tier_one'	Item
Pound of clay	2 cp	'tier_one'	Item
Pound of cured beef	1 gp	'tier_one'	Item
Pound of dried fish	1 gp	'tier_one'	Item
Pound of dung	3 cp	'tier_one'	Item
Pound of garlic	3 gp	'tier_one'	Item
Pound of goat cheese	5 cp	'tier_one'	Item
Pound of hot peppers	10 gp	'tier_one'	Item
Pound of lard	2 cp	'tier_one'	Item
Pound of tea leaves	2 sp	'tier_one'	Item
Pound of wax	1 gp	'tier_one'	Item
Powered Armor	legendary	'legendary'	Magic Item
Prehistoric Figurines of Wondrous Power	legendary	'legendary'	Magic Item
Prehistoric Figurines of Wondrous Power, Plesiosaurus	uncommon	'uncommon'	Magic Item
Prehistoric Figurines of Wondrous Power, Pteranodon	rare	'rare'	Magic Item
Prehistoric Figurines of Wondrous Power, Triceratops	very rare	'very rare'	Magic Item
Pressure Capsule	common	'common'	Magic Item
Priest's Pack	19 gp	'tier_one'	Item
Prismari Primer	uncommon	'uncommon'	Magic Item
Professor Orb	rare	'rare'	Magic Item
Propeller Helm	uncommon	'uncommon'	Magic Item
Prosthetic Limb	common	'common'	Magic Item
Protective Verses	rare	'rare'	Magic Item
Psi Crystal	uncommon	'uncommon'	Magic Item
Purple Worm Poison	2000 gp	'tier_six'	Potion
Pyremaul	legendary	'legendary'	Magic Item
Pyroconverger	uncommon	'uncommon'	Magic Item
Pyxis of Pandemonium	legendary	'legendary'	Magic Item
Quaal's Feather Token	rare	'rare'	Magic Item
Quandrix Primer	uncommon	'uncommon'	Magic Item
Quarterstaff	2 sp	'tier_one'	Item
Quiver	1 gp	'tier_one'	Item
Quiver of Ehlonna	uncommon	'uncommon'	Magic Item
Rabbit	5 gp	'tier_one'	Item
Rakdos Riteknife	legendary	'legendary'	Magic Item
Ram	101 gp	'tier_three'	Item
Ram, Portable	4 gp	'tier_one'	Item
Rapier	25 gp	'tier_two'	Item
Rations (1 day)	5 sp	'tier_one'	Item
Raven's Slumber	very rare	'very rare'	Magic Item
Reaper's Scream	legendary	'legendary'	Magic Item
Recall Crystal	very rare	'very rare'	Magic Item
Red Wizard Blade	legendary	'legendary'	Magic Item
Red-Feather Bow	uncommon	'uncommon'	Magic Item
Reincarnation Dust	very rare	'very rare'	Magic Item
Reliquary	5 gp	'tier_one'	Item
Reveler's Concertina	rare	'rare'	Magic Item
Rhythm Maker's Drum	uncommon	'uncommon'	Magic Item
Rhythm Maker's Drum, +2	rare	'rare'	Magic Item
Rhythm Maker's Drum, +3	very rare	'very rare'	Magic Item
Riding Horse	75 gp	'tier_two'	Item
Ring Mail	30 gp	'tier_two'	Item
Ring of Amity	very rare	'very rare'	Magic Item
Ring of Animal Influence	rare	'rare'	Magic Item
Ring of Djinni Summoning	legendary	'legendary'	Magic Item
Ring of Elemental Command	legendary	'legendary'	Magic Item
Ring of Evasion	rare	'rare'	Magic Item
Ring of Feather Falling	rare	'rare'	Magic Item
Ring of Free Action	rare	'rare'	Magic Item
Ring of Invisibility	legendary	'legendary'	Magic Item
Ring of Jumping	uncommon	'uncommon'	Magic Item
Ring of Mind Shielding	uncommon	'uncommon'	Magic Item
Ring of Obscuring	uncommon	'uncommon'	Magic Item
Ring of Plant Speech	uncommon	'uncommon'	Magic Item
Ring of Protection	rare	'rare'	Magic Item
Ring Of Puzzler's Wit	uncommon	'uncommon'	Magic Item
Ring of Red Fury	very rare	'very rare'	Magic Item
Ring of Regeneration	very rare	'very rare'	Magic Item
Ring of Resistance	rare	'rare'	Magic Item
Ring of Shooting Stars	very rare	'very rare'	Magic Item
Ring of Spell Storing	rare	'rare'	Magic Item
Ring of Spell Turning	legendary	'legendary'	Magic Item
Ring of Swimming	uncommon	'uncommon'	Magic Item
Ring of Telekinesis	very rare	'very rare'	Magic Item
Ring of Temporal Salvation	rare	'rare'	Magic Item
Ring of the Orator	uncommon	'uncommon'	Magic Item
Ring of the Ram	rare	'rare'	Magic Item
Ring of the Sky Hunter	rare	'rare'	Magic Item
Ring of Three Wishes	legendary	'legendary'	Magic Item
Ring of Truth Telling	uncommon	'uncommon'	Magic Item
Ring of Warmth	uncommon	'uncommon'	Magic Item
Ring of Water Walking	uncommon	'uncommon'	Magic Item
Ring of X-Ray Vision	rare	'rare'	Magic Item
Rings of Shared Suffering	uncommon	'uncommon'	Magic Item
Ritual Dagger	2 gp	'tier_one'	Item
Robe of Eyes	rare	'rare'	Magic Item
Robe of Scintillating Colors	very rare	'very rare'	Magic Item
Robe of Serpents	uncommon	'uncommon'	Magic Item
Robe of Stars	very rare	'very rare'	Magic Item
Robe of Summer	rare	'rare'	Magic Item
Robe of the Archmagi	legendary	'legendary'	Magic Item
Robe of Useful Items	uncommon	'uncommon'	Magic Item
Robes	3 cp	'tier_one'	Item
Rod	10 gp	'tier_one'	Item
Rod of Absorption	very rare	'very rare'	Magic Item
Rod of Alertness	very rare	'very rare'	Magic Item
Rod Of Hellish Flames	very rare	'very rare'	Magic Item
Rod of Lordly Might	legendary	'legendary'	Magic Item
Rod of Mercurial Form	uncommon	'uncommon'	Magic Item
Rod of Resurrection	legendary	'legendary'	Magic Item
Rod of Retribution	uncommon	'uncommon'	Magic Item
Rod of Rulership	rare	'rare'	Magic Item
Rod of Security	very rare	'very rare'	Magic Item
Rod of the Pact Keeper, +1	uncommon	'uncommon'	Magic Item
Rod of the Pact Keeper, +2	rare	'rare'	Magic Item
Rod of the Pact Keeper, +3	very rare	'very rare'	Magic Item
Rod of the Vonindod	rare	'rare'	Magic Item
Rogue's Mantle	rare	'rare'	Magic Item
Rope of Climbing	uncommon	'uncommon'	Magic Item
Rope of Entanglement	rare	'rare'	Magic Item
Rope of Mending	common	'common'	Magic Item
Rope, Hemp (50 ft)	1 gp	'tier_one'	Item
Rope, Silk (50 ft)	10 gp	'tier_one'	Item
Rotor of Return	very rare	'very rare'	Magic Item
Ruby of the War Mage	common	'common'	Magic Item
Ruby Weave Gem	legendary	'legendary'	Magic Item
Rug, large	10 gp	'tier_one'	Item
Ruidium Armor	very rare	'very rare'	Magic Item
Ruidium Shield	very rare	'very rare'	Magic Item
Ruidium Weapon	very rare	'very rare'	Magic Item
Ruinblade	legendary	'legendary'	Magic Item
Ruinous Flail	rare	'rare'	Magic Item
Saber of Unity	very rare	'very rare'	Magic Item
Sack	1 cp	'tier_one'	Item
Sack of bonemeal	3 cp	'tier_one'	Item
Sack of carrots	3 cp	'tier_one'	Item
Sack of corn	3 cp	'tier_one'	Item
Sack of flour	2 cp	'tier_one'	Item
Sack of loamy soil	1 gp	'tier_one'	Item
Sack of onions	3 cp	'tier_one'	Item
Sack of potatoes	3 cp	'tier_one'	Item
Sack of turnips	3 cp	'tier_one'	Item
Sack of yeast	1 gp	'tier_one'	Item
Saddle of the Cavalier	uncommon	'uncommon'	Magic Item
Saddle, Military	20 gp	'tier_one'	Item
Saddle, Pack	5 gp	'tier_one'	Item
Saddle, Riding	5 gp	'tier_one'	Item
Saddlebags	2 gp	'tier_one'	Item
Sage's Signet	very rare	'very rare'	Magic Item
Saint Markovia's Thighbone	rare	'rare'	Magic Item
Sanctum Amulet	very rare	'very rare'	Magic Item
Santoor	8 gp	'tier_one'	Item
Sapphire Buckler	very rare	'very rare'	Magic Item
Scale Mail	50 gp	'tier_two'	Item
Scaled Ornament, Ascendant	legendary	'legendary'	Magic Item
Scaled Ornament, Slumbering	uncommon	'uncommon'	Magic Item
Scaled Ornament, Stirring	rare	'rare'	Magic Item
Scaled Ornament, Wakened	very rare	'very rare'	Magic Item
Scarab of Protection	legendary	'legendary'	Magic Item
Scholar's Pack	40 gp	'tier_two'	Item
Scimitar	25 gp	'tier_two'	Item
Scimitar of Speed	very rare	'very rare'	Magic Item
Scissors of Shadow Snipping	rare	'rare'	Magic Item
Scorpion Armor	rare	'rare'	Magic Item
Scribe's Pen	common	'common'	Magic Item
Sealing Wax	5 sp	'tier_one'	Item
Seeker Dart	uncommon	'uncommon'	Magic Item
Sekolahian Worshipping Statuette	common	'common'	Magic Item
Sending Stones	uncommon	'uncommon'	Magic Item
Sensory Stone	uncommon	'uncommon'	Magic Item
Sentinel Shield	uncommon	'uncommon'	Magic Item
Serpent Scale Armor	uncommon	'uncommon'	Magic Item
Serpent Venom	200 gp	'tier_three'	Potion
Serpent's Fang	rare	'rare'	Magic Item
Shaded Glasses	350 gp	'tier_four'	Item
Shadowfell Shard	rare	'rare'	Magic Item
Shard of the Ise Rune	very rare	'very rare'	Magic Item
Shard of Xeluan	rare	'rare'	Magic Item
Shard Solitaire	legendary	'legendary'	Magic Item
Shatterspike	uncommon	'uncommon'	Magic Item
Shawm	2 gp	'tier_one'	Item
Sheep	20 gp	'tier_one'	Item
Shield	10 gp	'tier_one'	Item
Shield of Expression	common	'common'	Magic Item
Shield of Far Sight	rare	'rare'	Magic Item
Shield of Missile Attraction	rare	'rare'	Magic Item
Shield of the Blazing Dreadnought	legendary	'legendary'	Magic Item
Shield of the Hidden Lord	legendary	'legendary'	Magic Item
Shield Of The Tortoise	uncommon	'uncommon'	Magic Item
Shield of the Uven Rune	very rare	'very rare'	Magic Item
Shield, +1	uncommon	'uncommon'	Magic Item
Shield, +2	rare	'rare'	Magic Item
Shield, +3	very rare	'very rare'	Magic Item
Shiftweave	common	'common'	Magic Item
Shortbow	25 gp	'tier_two'	Item
Shortsword	10 gp	'tier_one'	Item
Shovel	2 gp	'tier_one'	Item
Shrieking Greaves	rare	'rare'	Magic Item
Sickle	1 gp	'tier_one'	Item
Siege-Tower	2000 gp	'tier_six'	Item
Signal Whistle	5 cp	'tier_one'	Item
Signet Ring	5 gp	'tier_one'	Item
Silverquill Primer	uncommon	'uncommon'	Magic Item
Simple Earrings	5 sp	'tier_one'	Item
Simple Ring	3 sp	'tier_one'	Item
Siren Song Lyre	rare	'rare'	Magic Item
Sitar	13 gp	'tier_one'	Item
Skull Helm	very rare	'very rare'	Magic Item
Skyblinder Staff	uncommon	'uncommon'	Magic Item
Skysail	rare	'rare'	Magic Item
Sled	20 gp	'tier_one'	Item
Sledgehammer	2 gp	'tier_one'	Item
Slimeforged Blade	very rare	'very rare'	Magic Item
Sling	1 sp	'tier_one'	Item
Sling bullets (20)	4 cp	'tier_one'	Item
Sling Bullets of Althemone	very rare	'very rare'	Magic Item
Sling Of Giant Felling	uncommon	'uncommon'	Magic Item
Slippers of Spider Climbing	uncommon	'uncommon'	Magic Item
Smith's tools	20 gp	'tier_one'	Item
Smokepowder	uncommon	'uncommon'	Magic Item
Smoldering Armor	common	'common'	Magic Item
Snicker-Snack	legendary	'legendary'	Magic Item
Socks, Pair	2 gp	'tier_one'	Item
Soul Coin	uncommon	'uncommon'	Magic Item
Sovereign Glue	legendary	'legendary'	Magic Item
Speaking Stone	very rare	'very rare'	Magic Item
Spear	1 gp	'tier_one'	Item
Spear of Backbiting	very rare	'very rare'	Magic Item
Spell Bottle	legendary	'legendary'	Magic Item
Spellbook	50 gp	'tier_two'	Item
Spellguard Shield	very rare	'very rare'	Magic Item
Spelljamming Helm	rare	'rare'	Magic Item
Spellshard	common	'common'	Magic Item
Sphere Of Annihilation	legendary	'legendary'	Magic Item
Spider Staff	rare	'rare'	Magic Item
Spies' Murmur	uncommon	'uncommon'	Magic Item
Spiked Armor	75 gp	'tier_two'	Item
Spikes, Iron (10)	1 gp	'tier_one'	Item
Spindle Of Fate	legendary	'legendary'	Magic Item
Spire of Conflux	legendary	'legendary'	Magic Item
Splint Armor	200 gp	'tier_three'	Item
Spoon of saffron	15 gp	'tier_one'	Item
Sprig of Mistletoe	1 gp	'tier_one'	Item
Spyglass	1000 gp	'tier_five'	Item
Staff	5 gp	'tier_one'	Item
Staff of Adornment	common	'common'	Magic Item
Staff of Birdcalls	common	'common'	Magic Item
Staff of Charming	rare	'rare'	Magic Item
Staff of Climbing Ivy	uncommon	'uncommon'	Magic Item
Staff of Defense	rare	'rare'	Magic Item
Staff of Dunamancy	very rare	'very rare'	Magic Item
Staff of Fate	very rare	'very rare'	Magic Item
Staff of Fire	very rare	'very rare'	Magic Item
Staff of Flowers	common	'common'	Magic Item
Staff of Frost	very rare	'very rare'	Magic Item
Staff of Healing	rare	'rare'	Magic Item
Staff of Power	very rare	'very rare'	Magic Item
Staff of Ruling	rare	'rare'	Magic Item
Staff of Striking	very rare	'very rare'	Magic Item
Staff of Swarming Insects	rare	'rare'	Magic Item
Staff of the Adder	uncommon	'uncommon'	Magic Item
Staff of the Ivory Claw	rare	'rare'	Magic Item
Staff of the Magi	legendary	'legendary'	Magic Item
Staff of the Python	uncommon	'uncommon'	Magic Item
Staff of the Rooted Hills	rare	'rare'	Magic Item
Staff of the Woodlands	rare	'rare'	Magic Item
Staff of Thunder and Lightning	very rare	'very rare'	Magic Item
Staff of Withering	rare	'rare'	Magic Item
Star Razor	legendary	'legendary'	Magic Item
Starshot Crossbow	rare	'rare'	Magic Item
Statue, metal	1000 gp	'tier_five'	Item
Steel	very rare	'very rare'	Magic Item
Stink Bomb	25 GP	'tier_two'	Item
Stone of Controlling Earth Elementals	rare	'rare'	Magic Item
Stone of Good Luck (Luckstone)	uncommon	'uncommon'	Magic Item
Stone of Ill Luck	uncommon	'uncommon'	Magic Item
Stonebreaker's Breastplate	legendary	'legendary'	Magic Item
Stonemaker War Pick	very rare	'very rare'	Magic Item
Stonespeaker Crystal	rare	'rare'	Magic Item
Storm Boomerang	uncommon	'uncommon'	Magic Item
Stormgirdle	legendary	'legendary'	Magic Item
Stormrider Boots	rare	'rare'	Magic Item
Strig Feather Robe	very rare	'very rare'	Magic Item
Strixhaven Pennant	common	'common'	Magic Item
Studded Leather Armor	45 gp	'tier_two'	Item
Summer's Dance	rare	'rare'	Magic Item
Sun Blade	rare	'rare'	Magic Item
Sun Staff	rare	'rare'	Magic Item
Sunforger	rare	'rare'	Magic Item
Sunsword	legendary	'legendary'	Magic Item
Suspended-Cauldron	201 gp	'tier_four'	Item
Sword of Answering	legendary	'legendary'	Magic Item
Sword of Life Stealing	rare	'rare'	Magic Item
Sword of Sharpness	very rare	'very rare'	Magic Item
Sword of the Paruns	very rare	'very rare'	Magic Item
Sword of the Planes	legendary	'legendary'	Magic Item
Sword of Vengeance	uncommon	'uncommon'	Magic Item
Sword of Wounding	rare	'rare'	Magic Item
Tablet of Reawakening	legendary	'legendary'	Magic Item
Talarith	legendary	'legendary'	Magic Item
Talisman of Pure Good	legendary	'legendary'	Magic Item
Talisman of the Sphere	legendary	'legendary'	Magic Item
Talisman of Ultimate Evil	legendary	'legendary'	Magic Item
Talking Doll	common	'common'	Magic Item
Talon Tincture	very rare	'very rare'	Magic Item
Talons of the Squall	uncommon	'uncommon'	Magic Item
Tankard of Plenty	common	'common'	Magic Item
Tankard of Sobriety	common	'common'	Magic Item
Tasha's Creeping Keepboat	very rare	'very rare'	Magic Item
Teleportation Tablet	rare	'rare'	Magic Item
Telescopic Transporter	legendary	'legendary'	Magic Item
Tent, Two-person	2 gp	'tier_one'	Item
Tentacle Rod	rare	'rare'	Magic Item
Thermal Cube	common	'common'	Magic Item
Thessaltoxin Antidote	uncommon	'uncommon'	Potion
Thieves' tools	25 gp	'tier_two'	Item
Three-Dragon Ante set	1 gp	'tier_one'	Item
Thunderbuss	very rare	'very rare'	Magic Item
Tidecaller Trident	very rare	'very rare'	Magic Item
Timepiece of Travel	very rare	'very rare'	Magic Item
Tinderbox	5 sp	'tier_one'	Item
Tinderstrike	legendary	'legendary'	Magic Item
Tinker's tools	50 gp	'tier_two'	Item
Titanstone Knuckles	legendary	'legendary'	Magic Item
Tome of the Stilled Tongue	legendary	'legendary'	Magic Item
Topaz Annihilator	legendary	'legendary'	Magic Item
Torch	1 cp	'tier_one'	Item
Torpor	600 gp	'tier_five'	Potion
Totem	1 gp	'tier_one'	Item
Traveler's Clothes	2 gp	'tier_one'	Item
Trebuchet	1000 gp	'tier_five'	Item
Trident	5 gp	'tier_one'	Item
Trident of Fish Command	uncommon	'uncommon'	Magic Item
Truth Serum	150 gp	'tier_three'	Potion
Two-Birds Sling	rare	'rare'	Magic Item
Unbreakable Arrow	common	'common'	Magic Item
Uncommon Glamerweave	uncommon	'uncommon'	Magic Item
Universal Solvent	legendary	'legendary'	Magic Item
Ushanka	3 gp	'tier_one'	Item
Ventilating Lungs	rare	'rare'	Magic Item
Verminshroud	legendary	'legendary'	Magic Item
Veteran's Cane	common	'common'	Magic Item
Vial	1 gp	'tier_one'	Item
Vicious Weapon	rare	'rare'	Magic Item
Viol	30 gp	'tier_two'	Item
Voidwalker Armor	rare	'rare'	Magic Item
Vorpal Sword	legendary	'legendary'	Magic Item
Vox Seeker	common	'common'	Magic Item
Voyager Staff	very rare	'very rare'	Magic Item
Wagon	35 gp	'tier_two'	Item
Walloping Ammunition	common	'common'	Magic Item
Wand	10 gp	'tier_one'	Item
Wand of Binding	rare	'rare'	Magic Item
Wand of Conducting	common	'common'	Magic Item
Wand of Enemy Detection	rare	'rare'	Magic Item
Wand of Entangle	uncommon	'uncommon'	Magic Item
Wand of Fear	rare	'rare'	Magic Item
Wand of Fireballs	rare	'rare'	Magic Item
Wand of Lightning Bolts	rare	'rare'	Magic Item
Wand of Magic Detection	uncommon	'uncommon'	Magic Item
Wand of Magic Missiles	uncommon	'uncommon'	Magic Item
Wand of Paralysis	rare	'rare'	Magic Item
Wand of Polymorph	very rare	'very rare'	Magic Item
Wand of Pyrotechnics	common	'common'	Magic Item
Wand of Scowls	common	'common'	Magic Item
Wand of Secrets	uncommon	'uncommon'	Magic Item
Wand of Smiles	common	'common'	Magic Item
Wand of the War Mage, +1	uncommon	'uncommon'	Magic Item
Wand of the War Mage, +2	rare	'rare'	Magic Item
Wand of the War Mage, +3	very rare	'very rare'	Magic Item
Wand of Viscid Globs	rare	'rare'	Magic Item
Wand of Web	uncommon	'uncommon'	Magic Item
Wand of Winter	rare	'rare'	Magic Item
Wand of Wonder	rare	'rare'	Magic Item
Wand Sheath	common	'common'	Magic Item
War Horn of Valor	rare	'rare'	Magic Item
War pick	5 gp	'tier_one'	Item
Wardrobe, wood	10 gp	'tier_one'	Item
Warhammer	15 gp	'tier_one'	Item
Warhorse	400 gp	'tier_four'	Item
Warrior's Passkey	rare	'rare'	Magic Item
Watchful Helm	very rare	'very rare'	Magic Item
Waterskin	2 sp	'tier_one'	Item
Wave	legendary	'legendary'	Magic Item
Wayfarer's Boots	rare	'rare'	Magic Item
Waythe	legendary	'legendary'	Magic Item
Weapon of Certain Death	rare	'rare'	Magic Item
Weapon of Throne's Command	very rare	'very rare'	Magic Item
Weapon of Warning	uncommon	'uncommon'	Magic Item
Weapon, +1	uncommon	'uncommon'	Magic Item
Weapon, +2	rare	'rare'	Magic Item
Weapon, +3	very rare	'very rare'	Magic Item
Weaver's tools	1 gp	'tier_one'	Item
Weird Tank	rare	'rare'	Magic Item
Well of Many Worlds	legendary	'legendary'	Magic Item
Wheel of artisanal cheese	12 sp	'tier_one'	Item
Wheel of basic cheese	2 cp	'tier_one'	Item
Wheel of Stars	very rare	'very rare'	Magic Item
Wheel of Wind and Water	uncommon	'uncommon'	Magic Item
Whelm	legendary	'legendary'	Magic Item
Whetstone	1 cp	'tier_one'	Item
Whip	2 gp	'tier_one'	Item
Whisper	legendary	'legendary'	Magic Item
Whistle of Freedom	uncommon	'uncommon'	Magic Item
Wig	2 gp	'tier_one'	Item
Wildspace Orrery	uncommon	'uncommon'	Magic Item
Wind Chimes	1 gp	'tier_one'	Item
Wind Fan	uncommon	'uncommon'	Magic Item
Windvane	legendary	'legendary'	Magic Item
Wing Crest Shield	uncommon	'uncommon'	Magic Item
Winged Ammunition	uncommon	'uncommon'	Magic Item
Winged Boots	uncommon	'uncommon'	Magic Item
Wings of Flying	rare	'rare'	Magic Item
Wingwear	uncommon	'uncommon'	Magic Item
Witchlight Vane	legendary	'legendary'	Magic Item
Witchlight Watch	legendary	'legendary'	Magic Item
Witherbloom Primer	uncommon	'uncommon'	Magic Item
Wizard Hat	25 gp	'tier_two'	Item
Wood Table	3 gp	'tier_one'	Item
Woodcarver's tools	1 gp	'tier_one'	Item
Woodcutter's Axe	rare	'rare'	Magic Item
Wooden Staff	5 gp	'tier_one'	Item
Wraps of Dyamak	legendary	'legendary'	Magic Item
Wraps Of Unarmed Prowess, +1	uncommon	'uncommon'	Magic Item
Wraps Of Unarmed Prowess, +2	rare	'rare'	Magic Item
Wraps Of Unarmed Prowess, +3	very rare	'very rare'	Magic Item
Wreath of the Prism	legendary	'legendary'	Magic Item
Wyrmreaver Gauntlets	very rare	'very rare'	Magic Item
Wyvern Poison	1200 gp	'tier_six'	Potion
Yard of sausage links	1 sp	'tier_one'	Item
Yard of twine	1 cp	'tier_one'	Item
Yew Wand	10 gp	'tier_one'	Item
Ythryn Mythallar	legendary	'legendary'	Magic Item
Zephyr Armor	rare	'rare'	Magic Item